<?xml version="1.0" encoding="utf-8"?>
<tincan xmlns:xsi="http://www.w3.org/2001/XMLSchema-instance" xmlns:xsd="http://www.w3.org/2001/XMLSchema" xmlns="http://projecttincan.com/tincan.xsd">
	<activities>
		<activity id="http://articulate_new_Course" type="http://adlnet.gov/expapi/activities/course">
			<name lang="und">Demo Articulate Storyline 360 Course</name>
			<description lang="und" />
			<launch lang="und">story.html</launch>
		</activity>
		<activity id="http://articulate_new_Course/5koGP3mYsI5" type="http://adlnet.gov/expapi/activities/objective">
			<name lang="und">Demo Articulate Storyline 360 Course</name>
			<description lang="und">Demo Articulate Storyline 360 Course</description>
		</activity>
		<activity id="http://articulate_new_Course/68Tfk7DHNQc" type="http://adlnet.gov/expapi/activities/module">
			<name lang="und">Articulate Storyline 360</name>
			<description lang="und">Articulate Storyline 360</description>
		</activity>
		<activity id="http://articulate_new_Course/5ysPsYxs8sg" type="http://adlnet.gov/expapi/activities/module">
			<name lang="und">About GrassBlade LRS</name>
			<description lang="und">About GrassBlade LRS</description>
		</activity>
		<activity id="http://articulate_new_Course/6OCxsAAhu6q" type="http://adlnet.gov/expapi/activities/module">
			<name lang="und">Articulate Storyline 360</name>
			<description lang="und">Articulate Storyline 360</description>
		</activity>
		<activity id="http://articulate_new_Course/5fCyBt5Jy95" type="http://adlnet.gov/expapi/activities/module">
			<name lang="und">MULTIPLE CHOICE</name>
			<description lang="und">MULTIPLE CHOICE</description>
		</activity>
		<activity id="http://articulate_new_Course/5fCyBt5Jy95/6o9VlQcADRn" type="http://adlnet.gov/expapi/activities/cmi.interaction">
			<name lang="und">MULTIPLE CHOICE</name>
			<description lang="und">MULTIPLE CHOICE</description>
			<interactionType>choice</interactionType>
			<correctResponsePatterns>
				<correctResponsePattern>choice_6HVr0bJjZ1S</correctResponsePattern>
			</correctResponsePatterns>
			<choices>
				<component>
					<id>choice_69OUfXNRSMN</id>
					<description lang="und">Choice A</description>
				</component>
				<component>
					<id>choice_6HVr0bJjZ1S</id>
					<description lang="und">Choice B</description>
				</component>
				<component>
					<id>choice_6K7W1qoqMUn</id>
					<description lang="und">Choice C</description>
				</component>
				<component>
					<id>choice_6J4TCk3H22c</id>
					<description lang="und">Choice D</description>
				</component>
			</choices>
		</activity>
		<activity id="http://articulate_new_Course/5UhX3DkTOMV" type="http://adlnet.gov/expapi/activities/module">
			<name lang="und">DRAG-AND-DROP INTERACTION</name>
			<description lang="und">DRAG-AND-DROP INTERACTION</description>
		</activity>
		<activity id="http://articulate_new_Course/5UhX3DkTOMV/5mo7iROHvga" type="http://adlnet.gov/expapi/activities/cmi.interaction">
			<name lang="und">DRAG-AND-DROP INTERACTION</name>
			<description lang="und">DRAG-AND-DROP INTERACTION</description>
			<interactionType>matching</interactionType>
			<correctResponsePatterns>
				<correctResponsePattern>statement_6Hb8TPRm929[.]choice_6VMt79gvVD7</correctResponsePattern>
				<correctResponsePattern>statement_6b30q3xQZmA[.]choice_5oKnxACqaQs</correctResponsePattern>
				<correctResponsePattern>statement_5ijWvhFBpLP[.]choice_5ePsu6DASRx</correctResponsePattern>
				<correctResponsePattern>statement_6ZeDOXgtkIn[.]choice_6GolFyUwr4i</correctResponsePattern>
				<correctResponsePattern>statement_6kVsHKIIYVX[.]choice_5Zy8IBaFBj2</correctResponsePattern>
				<correctResponsePattern>statement_6AUFjMFfYYG[.]choice_67Qe3F8zNLx</correctResponsePattern>
			</correctResponsePatterns>
			<source>
				<component>
					<id>statement_6Hb8TPRm929</id>
					<description lang="und">R1 Drop Target 01 - 1</description>
				</component>
				<component>
					<id>statement_6b30q3xQZmA</id>
					<description lang="und">R1 Drop Target 02 - 2</description>
				</component>
				<component>
					<id>statement_5ijWvhFBpLP</id>
					<description lang="und">R1 Drop Target 03 - 3</description>
				</component>
				<component>
					<id>statement_6ZeDOXgtkIn</id>
					<description lang="und">R2 Drop Target 01 - a</description>
				</component>
				<component>
					<id>statement_6kVsHKIIYVX</id>
					<description lang="und">R2 Drop Target 02 - b</description>
				</component>
				<component>
					<id>statement_6AUFjMFfYYG</id>
					<description lang="und">R3 Drop Target 03 - c</description>
				</component>
			</source>
			<target>
				<component>
					<id>choice_6VMt79gvVD7</id>
					<description lang="und">Drag Item 01 - 1</description>
				</component>
				<component>
					<id>choice_5oKnxACqaQs</id>
					<description lang="und">Drag Item 02 - 2</description>
				</component>
				<component>
					<id>choice_5ePsu6DASRx</id>
					<description lang="und">Drag Item 03 - 3</description>
				</component>
				<component>
					<id>choice_6GolFyUwr4i</id>
					<description lang="und">Drag Item 04 - A</description>
				</component>
				<component>
					<id>choice_5Zy8IBaFBj2</id>
					<description lang="und">Drag Item 05 - B</description>
				</component>
				<component>
					<id>choice_67Qe3F8zNLx</id>
					<description lang="und">Drag Item 06 - C</description>
				</component>
			</target>
		</activity>
		<activity id="http://articulate_new_Course/6IEzKWunAI4" type="http://adlnet.gov/expapi/activities/module">
			<name lang="und">SURVEY</name>
			<description lang="und">SURVEY</description>
		</activity>
		<activity id="http://articulate_new_Course/6IEzKWunAI4/5jyykYWVwOR/Statement_5gVzABxOcgS" type="http://adlnet.gov/expapi/activities/cmi.interaction">
			<name lang="und">Did you liked this course?</name>
			<description lang="und">Did you liked this course?</description>
			<interactionType>likert</interactionType>
			<scale>
				<component>
					<id>6Fz3funJZa3</id>
					<description lang="und">Strongly Disagree</description>
				</component>
				<component>
					<id>6T1JZbzajYz</id>
					<description lang="und">Disagree</description>
				</component>
				<component>
					<id>6covNNo8RYF</id>
					<description lang="und">Neutral</description>
				</component>
				<component>
					<id>5gVOPSxdd5T</id>
					<description lang="und">Agree</description>
				</component>
				<component>
					<id>6FXN4wbUK2m</id>
					<description lang="und">Strongly Agree</description>
				</component>
			</scale>
		</activity>
		<activity id="http://articulate_new_Course/6IEzKWunAI4/5jyykYWVwOR/Statement_6NvZUIfNR1a" type="http://adlnet.gov/expapi/activities/cmi.interaction">
			<name lang="und">Did you got what you’re looking for?</name>
			<description lang="und">Did you got what you’re looking for?</description>
			<interactionType>likert</interactionType>
			<scale>
				<component>
					<id>6Fz3funJZa3</id>
					<description lang="und">Strongly Disagree</description>
				</component>
				<component>
					<id>6T1JZbzajYz</id>
					<description lang="und">Disagree</description>
				</component>
				<component>
					<id>6covNNo8RYF</id>
					<description lang="und">Neutral</description>
				</component>
				<component>
					<id>5gVOPSxdd5T</id>
					<description lang="und">Agree</description>
				</component>
				<component>
					<id>6FXN4wbUK2m</id>
					<description lang="und">Strongly Agree</description>
				</component>
			</scale>
		</activity>
		<activity id="http://articulate_new_Course/6IEzKWunAI4/5jyykYWVwOR/Statement_6TEz8PE9Esb" type="http://adlnet.gov/expapi/activities/cmi.interaction">
			<name lang="und">Rate this quiz?</name>
			<description lang="und">Rate this quiz?</description>
			<interactionType>likert</interactionType>
			<scale>
				<component>
					<id>6Fz3funJZa3</id>
					<description lang="und">Strongly Disagree</description>
				</component>
				<component>
					<id>6T1JZbzajYz</id>
					<description lang="und">Disagree</description>
				</component>
				<component>
					<id>6covNNo8RYF</id>
					<description lang="und">Neutral</description>
				</component>
				<component>
					<id>5gVOPSxdd5T</id>
					<description lang="und">Agree</description>
				</component>
				<component>
					<id>6FXN4wbUK2m</id>
					<description lang="und">Strongly Agree</description>
				</component>
			</scale>
		</activity>
		<activity id="http://articulate_new_Course/5ikyxzxK5EO" type="http://adlnet.gov/expapi/activities/module">
			<name lang="und">True / False</name>
			<description lang="und">True / False</description>
		</activity>
		<activity id="http://articulate_new_Course/5ikyxzxK5EO/6KducI0gm8W" type="http://adlnet.gov/expapi/activities/cmi.interaction">
			<name lang="und">True / False</name>
			<description lang="und">True / False</description>
			<interactionType>choice</interactionType>
			<correctResponsePatterns>
				<correctResponsePattern>choice_6ky4rrSCA6d</correctResponsePattern>
			</correctResponsePatterns>
			<choices>
				<component>
					<id>choice_6ky4rrSCA6d</id>
					<description lang="und">True</description>
				</component>
				<component>
					<id>choice_5y3QpL8xfRs</id>
					<description lang="und">False</description>
				</component>
			</choices>
		</activity>
		<activity id="http://articulate_new_Course/6nolHEcvoou" type="http://adlnet.gov/expapi/activities/module">
			<name lang="und">Word Bank Question</name>
			<description lang="und">Word Bank Question</description>
		</activity>
		<activity id="http://articulate_new_Course/6nolHEcvoou/6IHe5z7jLbB" type="http://adlnet.gov/expapi/activities/cmi.interaction">
			<name lang="und">Word Bank Question</name>
			<description lang="und">Word Bank Question</description>
			<interactionType>choice</interactionType>
			<correctResponsePatterns>
				<correctResponsePattern>choice_6XPt19ttN13</correctResponsePattern>
			</correctResponsePatterns>
			<choices>
				<component>
					<id>choice_6JGOL2Mtb3L</id>
					<description lang="und">Barrack Obama</description>
				</component>
				<component>
					<id>choice_6HztMLWgcIc</id>
					<description lang="und">George W. Bush</description>
				</component>
				<component>
					<id>choice_6XPt19ttN13</id>
					<description lang="und">Donald Trump</description>
				</component>
			</choices>
		</activity>
		<activity id="http://articulate_new_Course/5n541xvyhhx" type="http://adlnet.gov/expapi/activities/module">
			<name lang="und">Fill in the Blanks</name>
			<description lang="und">Fill in the Blanks</description>
		</activity>
		<activity id="http://articulate_new_Course/5n541xvyhhx/6CRjI2i8McJ" type="http://adlnet.gov/expapi/activities/cmi.interaction">
			<name lang="und">What is the Color of Apple?</name>
			<description lang="und">What is the Color of Apple?</description>
			<interactionType>fill-in</interactionType>
		</activity>
		<activity id="http://articulate_new_Course/5vR6RuV7oil" type="http://adlnet.gov/expapi/activities/module">
			<name lang="und">Connect the following</name>
			<description lang="und">Connect the following</description>
		</activity>
		<activity id="http://articulate_new_Course/5vR6RuV7oil/6qRR7gLffFg" type="http://adlnet.gov/expapi/activities/cmi.interaction">
			<name lang="und">Connect the following</name>
			<description lang="und">Connect the following</description>
			<interactionType>matching</interactionType>
			<correctResponsePatterns>
				<correctResponsePattern>statement_6MSgCNEEl3F[.]choice_5q7OSABEbp8</correctResponsePattern>
				<correctResponsePattern>statement_5YsvvJNAq28[.]choice_5nQVg8WG0BU</correctResponsePattern>
				<correctResponsePattern>statement_65KoLg8rsi4[.]choice_6YTy7OSSTOf</correctResponsePattern>
			</correctResponsePatterns>
			<source>
				<component>
					<id>statement_6MSgCNEEl3F</id>
					<description lang="und">Red</description>
				</component>
				<component>
					<id>statement_5YsvvJNAq28</id>
					<description lang="und">Yellow</description>
				</component>
				<component>
					<id>statement_65KoLg8rsi4</id>
					<description lang="und">Green </description>
				</component>
			</source>
			<target>
				<component>
					<id>choice_5q7OSABEbp8</id>
					<description lang="und">Apple</description>
				</component>
				<component>
					<id>choice_5nQVg8WG0BU</id>
					<description lang="und">Banana</description>
				</component>
				<component>
					<id>choice_6YTy7OSSTOf</id>
					<description lang="und">Grapes</description>
				</component>
			</target>
		</activity>
		<activity id="http://articulate_new_Course/63f9q6b8nSa" type="http://adlnet.gov/expapi/activities/module">
			<name lang="und">Correct the following sentence:</name>
			<description lang="und">Correct the following sentence:</description>
		</activity>
		<activity id="http://articulate_new_Course/63f9q6b8nSa/60oR1cwk6DL" type="http://adlnet.gov/expapi/activities/cmi.interaction">
			<name lang="und">Correct the following sentence:</name>
			<description lang="und">Correct the following sentence:</description>
			<interactionType>sequencing</interactionType>
			<correctResponsePatterns>
				<correctResponsePattern>choice_6U2QcRvEnUm</correctResponsePattern>
				<correctResponsePattern>choice_5yNIIambRSI</correctResponsePattern>
				<correctResponsePattern>choice_5sS2f5cqvNR</correctResponsePattern>
				<correctResponsePattern>choice_5yyGuiDd659</correctResponsePattern>
			</correctResponsePatterns>
			<choices>
				<component>
					<id>choice_6U2QcRvEnUm</id>
					<description lang="und">This</description>
				</component>
				<component>
					<id>choice_5yNIIambRSI</id>
					<description lang="und">is</description>
				</component>
				<component>
					<id>choice_5sS2f5cqvNR</id>
					<description lang="und">a</description>
				</component>
				<component>
					<id>choice_5yyGuiDd659</id>
					<description lang="und">cat.</description>
				</component>
			</choices>
		</activity>
		<activity id="http://articulate_new_Course/63xzc5VyFlO" type="http://adlnet.gov/expapi/activities/module">
			<name lang="und">Add 2 + 2 =</name>
			<description lang="und">Add 2 + 2 =</description>
		</activity>
		<activity id="http://articulate_new_Course/63xzc5VyFlO/6UFhTNlaW8x" type="http://adlnet.gov/expapi/activities/cmi.interaction">
			<name lang="und">Add 2 + 2 =</name>
			<description lang="und">Add 2 + 2 =</description>
			<interactionType>numeric</interactionType>
		</activity>
		<activity id="http://articulate_new_Course/6bHLcwMUzwF" type="http://adlnet.gov/expapi/activities/module">
			<name lang="und">Tap on the Grapes:</name>
			<description lang="und">Tap on the Grapes:</description>
		</activity>
		<activity id="http://articulate_new_Course/6bHLcwMUzwF/6P7GV5BfSak" type="http://adlnet.gov/expapi/activities/cmi.interaction">
			<name lang="und">Tap on the Grapes:</name>
			<description lang="und">Tap on the Grapes:</description>
			<interactionType>choice</interactionType>
			<correctResponsePatterns>
				<correctResponsePattern>choice_6NGQjdFiEH1</correctResponsePattern>
			</correctResponsePatterns>
			<choices>
				<component>
					<id>choice_6NGQjdFiEH1</id>
					<description lang="und">Oval Hotspot 1</description>
				</component>
				<component>
					<id>choice_incorrect</id>
					<description lang="und">Incorrect</description>
				</component>
			</choices>
		</activity>
		<activity id="http://articulate_new_Course/6NZX1FW3HXt" type="http://adlnet.gov/expapi/activities/module">
			<name lang="und">QUIZ RESULTS</name>
			<description lang="und">QUIZ RESULTS</description>
		</activity>
	</activities>
</tincan>